group,word
1,anus
1,bitch
1,dildo
1,fuck
1,horo
1,huora
1,kulli
1,kyrpÃ¤
1,lutka
1,penis
1,perse
1,pillu
1,tussu
2,anaali
2,faggot
2,fatass
2,hinari
2,hintti
2,kassit
2,lumppu
2,mulkku
2,rÃ¶mpsÃ¤
2,runkku
2,terska
2,vagina
3,asshole
3,blowjob
3,erektio
3,fagotti
3,fucking
3,hinaaja
3,kikkeli
4,esinahka
4,hinttari
4,jakorasia
4,panomies
4,persvako
4,runkkari
5,persereikÃ¤
5,pikkupillu
5,pillukarva
5,pillunaama
5,pyllyreikÃ¤
5,suihinotto
6,ejakulaatio
6,himonussija
6,masturboida
7,terskannuppi
bonus,dildopersehinuri
bonus,esinahkahinttiperse
bonus,hehtoperselumppuvittu
bonus,kullilutkapaska
bonus,lÃ¤skipersehoro
bonus,lumppupipari
bonus,perserunkkarihoro
bonus,persvakopikkupillu
// kuonapipari
// kullilutkapaska
// persevakonhinuri
// esinahkapersepano
// läskiruhopersehoro
// ruhoperseläskivittu
// hehtoperselumppuvittu
